[
  {
    "id": 1,
    "company": "TechCorp Solutions",
    "email": "contact@techcorp.fr",
    "sector": "Technologie",
    "size": "Grande entreprise",
    "location": "Paris",
    "employees": 500,
    "verified": true,
    "website": "https://techcorp.fr",
    "phone": "+33 1 23 45 67 89"
  },
  {
    "id": 2,
    "company": "Marketing Plus",
    "email": "info@marketingplus.fr",
    "sector": "Marketing",
    "size": "PME",
    "location": "Lyon",
    "employees": 50,
    "verified": true,
    "website": "https://marketingplus.fr",
    "phone": "+33 4 78 90 12 34"
  },
  {
    "id": 3,
    "company": "Green Energy Co",
    "email": "hello@greenenergy.fr",
    "sector": "Énergie",
    "size": "Startup",
    "location": "Marseille",
    "employees": 15,
    "verified": true,
    "website": "https://greenenergy.fr",
    "phone": "+33 4 91 23 45 67"
  },
  {
    "id": 4,
    "company": "Finance Pro",
    "email": "contact@financepro.fr",
    "sector": "Finance",
    "size": "Grande entreprise",
    "location": "Paris",
    "employees": 200,
    "verified": true,
    "website": "https://financepro.fr",
    "phone": "+33 1 45 67 89 01"
  },
  {
    "id": 5,
    "company": "Health Solutions",
    "email": "info@healthsolutions.fr",
    "sector": "Santé",
    "size": "PME",
    "location": "Toulouse",
    "employees": 80,
    "verified": true,
    "website": "https://healthsolutions.fr",
    "phone": "+33 5 61 23 45 67"
  },
  {
    "id": 6,
    "company": "Retail Express",
    "email": "contact@retailexpress.fr",
    "sector": "Commerce",
    "size": "PME",
    "location": "Bordeaux",
    "employees": 120,
    "verified": true,
    "website": "https://retailexpress.fr",
    "phone": "+33 5 56 78 90 12"
  },
  {
    "id": 7,
    "company": "EduTech France",
    "email": "hello@edutech.fr",
    "sector": "Éducation",
    "size": "Startup",
    "location": "Nice",
    "employees": 25,
    "verified": true,
    "website": "https://edutech.fr",
    "phone": "+33 4 93 12 34 56"
  },
  {
    "id": 8,
    "company": "Construction Leader",
    "email": "info@constructionleader.fr",
    "sector": "Construction",
    "size": "Grande entreprise",
    "location": "Lille",
    "employees": 300,
    "verified": true,
    "website": "https://constructionleader.fr",
    "phone": "+33 3 20 45 67 89"
  },
  {
    "id": 9,
    "company": "Digital Agency",
    "email": "contact@digitalagency.fr",
    "sector": "Marketing",
    "size": "PME",
    "location": "Nantes",
    "employees": 35,
    "verified": true,
    "website": "https://digitalagency.fr",
    "phone": "+33 2 40 12 34 56"
  },
  {
    "id": 10,
    "company": "Food Innovation",
    "email": "info@foodinnovation.fr",
    "sector": "Agroalimentaire",
    "size": "Startup",
    "location": "Strasbourg",
    "employees": 20,
    "verified": true,
    "website": "https://foodinnovation.fr",
    "phone": "+33 3 88 67 89 01"
  }
]
